{
  "variant": "weighted",
  "accuracy": 0.9038541234977207,
  "precision_macro": 0.7486369545975252,
  "recall_macro": 0.7691533338151002,
  "f1_macro": 0.7580371522179327,
  "f1_weighted": 0.90661329715908,
  "precision_per_class": {
    "negative": 0.8473011363636364,
    "neutral": 0.4293381037567084,
    "positive": 0.9692716236722306
  },
  "recall_per_class": {
    "negative": 0.858273381294964,
    "neutral": 0.4968944099378882,
    "positive": 0.9522922102124487
  },
  "f1_per_class": {
    "negative": 0.8527519656897784,
    "neutral": 0.46065259117082535,
    "positive": 0.9607068997931942
  },
  "confusion_matrix": [
    [
      1193,
      139,
      58
    ],
    [
      139,
      240,
      104
    ],
    [
      76,
      180,
      5110
    ]
  ]
}