{
  "variant": "baseline",
  "accuracy": 0.905788092277939,
  "precision_macro": 0.754329148349932,
  "recall_macro": 0.7511365242182114,
  "f1_macro": 0.7527135288300936,
  "f1_weighted": 0.9056135205328706,
  "precision_per_class": {
    "negative": 0.8538011695906432,
    "neutral": 0.4492753623188406,
    "positive": 0.9599109131403119
  },
  "recall_per_class": {
    "negative": 0.8402877697841726,
    "neutral": 0.4492753623188406,
    "positive": 0.9638464405516213
  },
  "f1_per_class": {
    "negative": 0.8469905728788978,
    "neutral": 0.4492753623188406,
    "positive": 0.9618746512925423
  },
  "confusion_matrix": [
    [
      1168,
      144,
      78
    ],
    [
      128,
      217,
      138
    ],
    [
      72,
      122,
      5172
    ]
  ]
}