{
  "variant": "weighted",
  "accuracy": 0.9049592485149882,
  "precision_macro": 0.7487966676289511,
  "recall_macro": 0.7673864723362884,
  "f1_macro": 0.75758119658723,
  "f1_weighted": 0.9071352728737833,
  "precision_per_class": {
    "negative": 0.8426573426573427,
    "neutral": 0.4338919925512104,
    "positive": 0.9698406676783005
  },
  "recall_per_class": {
    "negative": 0.8669064748201439,
    "neutral": 0.4824016563146998,
    "positive": 0.9528512858740216
  },
  "f1_per_class": {
    "negative": 0.8546099290780141,
    "neutral": 0.4568627450980392,
    "positive": 0.9612709155856364
  },
  "confusion_matrix": [
    [
      1205,
      128,
      57
    ],
    [
      148,
      233,
      102
    ],
    [
      77,
      176,
      5113
    ]
  ]
}