{
  "variant": "baseline",
  "accuracy": 0.9048211078878298,
  "precision_macro": 0.7477459028360984,
  "recall_macro": 0.7452028662349184,
  "f1_macro": 0.7464470147677428,
  "f1_weighted": 0.9043731102410455,
  "precision_per_class": {
    "negative": 0.8486370157819225,
    "neutral": 0.4340425531914894,
    "positive": 0.9605581395348837
  },
  "recall_per_class": {
    "negative": 0.8510791366906475,
    "neutral": 0.422360248447205,
    "positive": 0.9621692135669028
  },
  "f1_per_class": {
    "negative": 0.8498563218390804,
    "neutral": 0.4281217208814271,
    "positive": 0.9613630015827204
  },
  "confusion_matrix": [
    [
      1183,
      130,
      77
    ],
    [
      144,
      204,
      135
    ],
    [
      67,
      136,
      5163
    ]
  ]
}