strategy,summary_count,source_word_count,summary_word_count,compression_ratio,lexical_coverage,novelty_ratio,repetition_ratio,sentiment_alignment,rouge1_source_coverage,rouge2_source_coverage,rougeL_source_coverage
combined,20,672.65,42.15,0.0624961329020385,0.9758518806073153,0.02414811939268461,0.07910024182970807,,0.062022846542667355,0.05507304526699458,0.057955158220055515
sentiment_separated,60,562.15,40.016666666666666,0.09065578955668215,0.963490536567549,0.03650946343245105,0.09295849777636024,0.675,0.08982487807372831,0.07622447926200446,0.08549406868054382
