strategy,summary_count,source_word_count,summary_word_count,compression_ratio,lexical_coverage,novelty_ratio,repetition_ratio,sentiment_alignment,rouge1_source_coverage,rouge2_source_coverage,rougeL_source_coverage
combined,20,1682.3,46.25,0.030010355175626557,0.9716575381140599,0.028342461885940147,0.0798837738666758,,0.029704231157749512,0.026032366573543287,0.0274788995333408
sentiment_separated,60,558.7666666666667,40.18333333333333,0.09166041351562751,0.9644164624934749,0.03558353750652512,0.09277574923834855,0.6833333333333333,0.09078058675117867,0.0771216231290259,0.08637590418853384
