strategy,summary_count,source_word_count,summary_word_count,compression_ratio,lexical_coverage,novelty_ratio,repetition_ratio,sentiment_alignment,rouge1_source_coverage,rouge2_source_coverage,rougeL_source_coverage
combined,5,2037.6,61.8,0.031177109466907476,0.9956521739130434,0.004347826086956522,0.13493021140079964,,0.030894701382819478,0.02879644698607974,0.030162029157022718
sentiment_separated,15,677.2,40.733333333333334,0.07040489555986174,0.9724071484071484,0.027592851592851592,0.07301587010907011,0.7333333333333333,0.06949914923400052,0.059578191099985876,0.06718726982467853
